Music Artist;The Beatles museum
Music Artist;Elvis Presley show
Music Artist;Michael Jackson dancing
Music Artist;Led Zeppelin singing
Music Artist;Pink Floyd doing a talk
Music Artist;Eminem singing on NFL
Music Artist;Listening queen on the bed
Music Artist;AC/DC playing the guitar
Music Artist;Piano classes academy
Music Artist;Rap battle on the street
Music Artist;Viñarock tickets
Music Artist;1M of assistants in a concert
Music Artist;Boy and girl dancing
Music Artist;Family singing
Music Artist;Driving a car with music
Drink Brand;Disco dance
Drink Brand;Kid drinking Coca-Cola
Drink Brand;Green Fanta on the supermarket
Drink Brand;Red bull event
Drink Brand;Heineken advertisement
Drink Brand;Playing football with Gatorade
Drink Brand;Drinking alcohol
Drink Brand;Beer competition
TV show;Breaking bad scene
TV show;The Great British Baking Show
TV show;Kid watching Better Call Saul
TV show;Family going to the cinema
TV show;Black Batman costume
TV show;Almodovar on the Oscars gala
TV show;Tv comedy
TV show;Watching the TV having dinner
TV show;Dog watching the TV
TV show;Arcane breaking rankings
Sports;Visitors watching the Camp Nou
Sports;Playing paddle
Sports;Family running on the beach
Sports;Kid playing tennis
Sports;Watching football on the TV
Sports;Palau Blaugrana show
Sports;Lakers vs Miami match
Sports;Mbappe coming to Madrid
Sports;Kid watching champions league on mobile phone
Sports;Tokio Olympic games
Sports;Cat playing football
Animals;Cat sleeping in bed
Animals;Grey cat jumping
Animals;Happy cat playing with a ball
Animals;Cat eating
Animals;Cat with glasses and smiling
Animals;Cat raising her cats
Animals;Human touching his cat
Animals;Dog sleeping in bed
Animals;Brown cat jumping
Animals;Sad dog playing with a ball
Animals;Dog eating
Animals;Dog with glasses and smiling
Animals;Dog raising her dogs
Animals;Human playing with his dog
Animals;Rabbit sleeping
Animals;Elephant walking
Animals;Happy zebra playing on the floor
Animals;Turtle eating
Animals;Giraffe smiling
Animals;Human touching a parrot
Animals;Humans visiting the zoo
Animals;Family in the safari
Animals;Book of 100 animals
Computer games;Ibai Llanos streaming
Computer games;Auronplay playing Minecraft
Computer games;Friends playing games on the sofa
Computer games;Computer games shop
Computer games;League of legends game
Computer games;Red Nintendo DS
Computer games;Happy family playing Wii
Computer games;Buying on Steam
Computer games;Tutorial of Valorant
Computer games;Play store menu
Computer games;Flappy bird creator
News and present;Messi is angry
News and present;The US Capitol riots
News and present;The GameStop short squeeze
News and present;The rise of NFTs
News and present;COVID-19 vaccines available to all
News and present;The billionaire space race
News and present;Tornadoes ravage central U.S.
News and present;Economic recovery and inflation
News and present;Ukraine crisis
News and present;Putin negates Ukraine peace agreement
News and present;The first malaria vaccine
News and present;Fight for women
News and present;Mental health
Food;Cheese fondue in Switzerland
Food;Goulash in Hungary
Food;Chorizo a la sidra
Food;Egyptian Cuisine program
Food;Food Travels
Food;Spanish Cuisine
Food;Italian pizza with cheese
Food;Turkish doner kebab
Food;McDonald’s burger and sauces
Food;Chinese Peking duck
Food;Family eating lasagne
Food;Dad cooking rice
Food;Oven cleaning
Food;Glass in the microwave
Food;Workers picking coffee
Food;Coca-Cola factory visitors
Food;Local food contest
Travels;Family visiting the Eiffel Tower
Travels;Kid dancing on the Great Wall of China
Travels;Having dinner on the tower of Pisa
Travels;Heat on Great Pyramid of Giza
Travels;Sydney Opera House performance
Travels;Kid imitating the Statue of Liberty in the USA
Travels;Taj Mahal sunset
Travels;Red umbrella on the Moai on Easter Island
Travels;Dancing on Machu Picchu
Travels;Swimming on the beach
Travels;Climbing a mountain
Travels;Parthenon sunset
